{
  "camc_invalid_motif_counts_by_method": {
    "gt_fullgraph_greedy": 235,
    "ours_selected_subgraph": 0
  },
  "camc_monotonicity_warnings": [],
  "camc_motif_counts_by_method": {
    "gt_fullgraph_greedy": 864,
    "ours_selected_subgraph": 20
  },
  "gt_candidate_count": 2000,
  "mcs_statistics": {
    "avg_mcs_time": 0.0036476192033437684,
    "max_mcs_time": 1.144623041152954,
    "mcs_cache_size": 2886669,
    "mcs_calls": 2886669,
    "mcs_failed_count": 0,
    "mcs_timeout_count": 2221
  },
  "motif_overlap_diagnostics": {
    "aromatic_motif_count_by_method": {
      "gt_fullgraph_greedy": 10,
      "ours_selected_subgraph": 11
    },
    "count_ours_to_gt_sim_ge_0.7": 2,
    "count_ours_to_gt_sim_ge_0.85": 2,
    "exact_jaccard": 0.05263157894736842,
    "exact_overlap_count": 2,
    "exact_overlap_motifs": [
      "C=CC",
      "c1ccccc1"
    ],
    "fingerprint_failure_reasons": {},
    "hetero_atom_motif_count_by_method": {
      "gt_fullgraph_greedy": 17,
      "ours_selected_subgraph": 16
    },
    "mean_atom_count_by_method": {
      "gt_fullgraph_greedy": 8.05,
      "ours_selected_subgraph": 7.95
    },
    "mean_max_tanimoto_ours_to_gt": 0.29226374218501394,
    "median_atom_count_by_method": {
      "gt_fullgraph_greedy": 8.5,
      "ours_selected_subgraph": 7.0
    },
    "skipped": false
  },
  "num_inputs": 1443,
  "ours_progress_stats": {
    "any_flip_count": 1317,
    "avg_sec_per_input": 0.18394957659398195,
    "delete_ok_count": 1406,
    "elapsed_sec": 265.43923902511597,
    "match_ok_count": 1408,
    "processed_inputs": 1443,
    "valid_after_count": 1406
  },
  "per_k_any_feasible_by_theta": {
    "10": {
      "0.05": 0.015246015246015246,
      "0.1": 0.07692307692307693,
      "0.15": 0.15107415107415106,
      "0.2": 0.23700623700623702
    },
    "20": {
      "0.05": 0.01593901593901594,
      "0.1": 0.08316008316008316,
      "0.15": 0.1690921690921691,
      "0.2": 0.25571725571725573
    }
  },
  "per_k_any_flip_rate": {
    "10": 0.8905058905058905,
    "20": 0.9126819126819127
  },
  "per_k_delete_ok_rate": {
    "10": 0.9708939708939709,
    "20": 0.9743589743589743
  },
  "per_k_match_rate": {
    "10": 0.9722799722799723,
    "20": 0.9757449757449758
  },
  "recourse_monotonicity_warnings": [],
  "runtime_by_stage": {
    "CAMC action motif evaluation": 1.2895748615264893,
    "CAMC action motif extraction": 0.7352533340454102,
    "CAMC action motif selection": 30.271841764450073,
    "CAMC action motif support / flip / cf_drop precompute": 1829.533486366272,
    "evaluate GT fullgraph candidates": 10513.887385368347,
    "evaluate ours action candidates": 265.7627942562103,
    "greedy select GT fullgraphs": 2.448124408721924,
    "load HIV CSV": 0.1780257225036621,
    "load config": 8.344650268554688e-05,
    "load selected fragments": 0.07458138465881348,
    "load teacher": 25.802563667297363,
    "parse SMILES": 11.144579887390137,
    "prepare opposite-label candidates": 69.47495651245117,
    "prepare target inputs": 50.45260286331177,
    "recourse-level aggregate metrics": 0.06677389144897461,
    "write outputs": 0.43627262115478516
  },
  "selected_fragment_count": 20
}