action_source,camc_delta_0.1,camc_delta_0.2,camc_delta_0.3,camc_delta_0.5,camc_flip_coverage,k,mean_cf_drop_all_matched,mean_cf_drop_covered,method,motif_atom_count_mean,motif_atom_ratio_mean,motif_count,num_inputs,pairwise_tanimoto_max,pairwise_tanimoto_mean,runtime_sec,support_coverage,target_label,valid_motif_count
selected_fragment,0.8711018711018711,0.808038808038808,0.7588357588357588,0.6528066528066528,0.8905058905058905,10,0.5335977908884625,0.5638260052273341,ours_selected_subgraph,6.4,0.18136661183031907,10,1443,0.2727272727272727,0.07486676252874855,1890.2582495212555,0.9722799722799723,1,10
selected_fragment,0.8828828828828829,0.841995841995842,0.7851697851697852,0.6812196812196812,0.9126819126819127,20,0.559918109240596,0.5815691893185312,ours_selected_subgraph,7.95,0.18513876596457512,20,1443,0.375,0.06568170333349924,1890.2582495212555,0.9757449757449758,1,20
mcs_deleted_motif,0.8891198891198892,0.8392238392238393,0.7789327789327789,0.6396396396396397,0.9085239085239085,10,0.5278340091586273,0.5530190732885796,gt_fullgraph_greedy,8.6,0.14261013479249915,10,1443,0.2,0.05603628553061984,1890.2582495212555,0.9930699930699931,1,10
mcs_deleted_motif,0.8891198891198892,0.8392238392238393,0.7789327789327789,0.6403326403326404,0.9092169092169092,20,0.5279053541242986,0.5530777477754023,gt_fullgraph_greedy,7.95,0.14472760189296355,20,1443,0.3076923076923077,0.043887392166116174,1890.2582495212555,0.9937629937629938,1,20
