{
  "comparison_table": [
    {
      "coverage": 0.015246015246015246,
      "coverage_theta": 0.015246015246015246,
      "coverage_unconstrained_flip": 0.8905058905058905,
      "flip_rate": 0.8905058905058905,
      "k": 10,
      "mean_cf_drop": 0.5317042454059888,
      "mean_cf_drop_covered_only": 0.2936433467062837,
      "mean_cost": 0.03848780658248063,
      "median_cost": 0.038404817500307234,
      "median_cost_covered_only": 0.038404817500307234,
      "method": "ours_selected_subgraph",
      "num_inputs": 1443,
      "runtime_sec": 10125.79991054535,
      "target_label": 1,
      "theta": 0.05,
      "valid_recourse_rate": 0.9708939708939709
    },
    {
      "coverage": 0.07692307692307693,
      "coverage_theta": 0.07692307692307693,
      "coverage_unconstrained_flip": 0.8905058905058905,
      "flip_rate": 0.8905058905058905,
      "k": 10,
      "mean_cf_drop": 0.5211614947321693,
      "mean_cf_drop_covered_only": 0.32182921494238814,
      "mean_cost": 0.06666819256575354,
      "median_cost": 0.06666666666666667,
      "median_cost_covered_only": 0.06666666666666667,
      "method": "ours_selected_subgraph",
      "num_inputs": 1443,
      "runtime_sec": 10125.79991054535,
      "target_label": 1,
      "theta": 0.1,
      "valid_recourse_rate": 0.9708939708939709
    },
    {
      "coverage": 0.15107415107415106,
      "coverage_theta": 0.15107415107415106,
      "coverage_unconstrained_flip": 0.8905058905058905,
      "flip_rate": 0.8905058905058905,
      "k": 10,
      "mean_cf_drop": 0.5120107815221844,
      "mean_cf_drop_covered_only": 0.3817279240019476,
      "mean_cost": 0.09584128708107897,
      "median_cost": 0.09887218045112782,
      "median_cost_covered_only": 0.09887218045112782,
      "method": "ours_selected_subgraph",
      "num_inputs": 1443,
      "runtime_sec": 10125.79991054535,
      "target_label": 1,
      "theta": 0.15,
      "valid_recourse_rate": 0.9708939708939709
    },
    {
      "coverage": 0.23700623700623702,
      "coverage_theta": 0.23700623700623702,
      "coverage_unconstrained_flip": 0.8905058905058905,
      "flip_rate": 0.8905058905058905,
      "k": 10,
      "mean_cf_drop": 0.5069794464974802,
      "mean_cf_drop_covered_only": 0.4081950653391499,
      "mean_cost": 0.12489578662829998,
      "median_cost": 0.12871287128712872,
      "median_cost_covered_only": 0.12871287128712872,
      "method": "ours_selected_subgraph",
      "num_inputs": 1443,
      "runtime_sec": 10125.79991054535,
      "target_label": 1,
      "theta": 0.2,
      "valid_recourse_rate": 0.9708939708939709
    },
    {
      "coverage": 0.01593901593901594,
      "coverage_theta": 0.01593901593901594,
      "coverage_unconstrained_flip": 0.9126819126819127,
      "flip_rate": 0.9126819126819127,
      "k": 20,
      "mean_cf_drop": 0.5576281797077951,
      "mean_cf_drop_covered_only": 0.2958037809074598,
      "mean_cost": 0.038194685937417636,
      "median_cost": 0.0379746835443038,
      "median_cost_covered_only": 0.0379746835443038,
      "method": "ours_selected_subgraph",
      "num_inputs": 1443,
      "runtime_sec": 10125.79991054535,
      "target_label": 1,
      "theta": 0.05,
      "valid_recourse_rate": 0.9743589743589743
    },
    {
      "coverage": 0.08316008316008316,
      "coverage_theta": 0.08316008316008316,
      "coverage_unconstrained_flip": 0.9126819126819127,
      "flip_rate": 0.9126819126819127,
      "k": 20,
      "mean_cf_drop": 0.5460280905510492,
      "mean_cf_drop_covered_only": 0.31958188800648,
      "mean_cost": 0.0673667683338264,
      "median_cost": 0.06776966556759303,
      "median_cost_covered_only": 0.06776966556759303,
      "method": "ours_selected_subgraph",
      "num_inputs": 1443,
      "runtime_sec": 10125.79991054535,
      "target_label": 1,
      "theta": 0.1,
      "valid_recourse_rate": 0.9743589743589743
    },
    {
      "coverage": 0.1690921690921691,
      "coverage_theta": 0.1690921690921691,
      "coverage_unconstrained_flip": 0.9126819126819127,
      "flip_rate": 0.9126819126819127,
      "k": 20,
      "mean_cf_drop": 0.5350914010310778,
      "mean_cf_drop_covered_only": 0.36938489147403475,
      "mean_cost": 0.09719096594317278,
      "median_cost": 0.10087619624775901,
      "median_cost_covered_only": 0.10087619624775901,
      "method": "ours_selected_subgraph",
      "num_inputs": 1443,
      "runtime_sec": 10125.79991054535,
      "target_label": 1,
      "theta": 0.15,
      "valid_recourse_rate": 0.9743589743589743
    },
    {
      "coverage": 0.25571725571725573,
      "coverage_theta": 0.25571725571725573,
      "coverage_unconstrained_flip": 0.9126819126819127,
      "flip_rate": 0.9126819126819127,
      "k": 20,
      "mean_cf_drop": 0.5294823506137022,
      "mean_cf_drop_covered_only": 0.4018699784315367,
      "mean_cost": 0.1238950412901686,
      "median_cost": 0.1262135922330097,
      "median_cost_covered_only": 0.1262135922330097,
      "method": "ours_selected_subgraph",
      "num_inputs": 1443,
      "runtime_sec": 10125.79991054535,
      "target_label": 1,
      "theta": 0.2,
      "valid_recourse_rate": 0.9743589743589743
    },
    {
      "coverage": 0.002079002079002079,
      "coverage_theta": 0.002079002079002079,
      "coverage_unconstrained_flip": 1.0,
      "flip_rate": 1.0,
      "k": 10,
      "mean_cf_drop": 0.5986283024669661,
      "mean_cf_drop_covered_only": 0.7711111111111112,
      "mean_cost": 0.025136054421768708,
      "median_cost": 0.025,
      "median_cost_covered_only": 0.025,
      "method": "gt_fullgraph_greedy",
      "num_inputs": 1443,
      "runtime_sec": 10125.79991054535,
      "target_label": 1,
      "theta": 0.05,
      "valid_recourse_rate": 1.0
    },
    {
      "coverage": 0.02702702702702703,
      "coverage_theta": 0.02702702702702703,
      "coverage_unconstrained_flip": 1.0,
      "flip_rate": 1.0,
      "k": 10,
      "mean_cf_drop": 0.5986283024669661,
      "mean_cf_drop_covered_only": 0.6614529914529914,
      "mean_cost": 0.0761167330708213,
      "median_cost": 0.07894736842105263,
      "median_cost_covered_only": 0.07894736842105263,
      "method": "gt_fullgraph_greedy",
      "num_inputs": 1443,
      "runtime_sec": 10125.79991054535,
      "target_label": 1,
      "theta": 0.1,
      "valid_recourse_rate": 1.0
    },
    {
      "coverage": 0.056133056133056136,
      "coverage_theta": 0.056133056133056136,
      "coverage_unconstrained_flip": 1.0,
      "flip_rate": 1.0,
      "k": 10,
      "mean_cf_drop": 0.5986283024669661,
      "mean_cf_drop_covered_only": 0.6665077326173189,
      "mean_cost": 0.10053937310388215,
      "median_cost": 0.10526315789473684,
      "median_cost_covered_only": 0.10526315789473684,
      "method": "gt_fullgraph_greedy",
      "num_inputs": 1443,
      "runtime_sec": 10125.79991054535,
      "target_label": 1,
      "theta": 0.15,
      "valid_recourse_rate": 1.0
    },
    {
      "coverage": 0.09771309771309772,
      "coverage_theta": 0.09771309771309772,
      "coverage_unconstrained_flip": 1.0,
      "flip_rate": 1.0,
      "k": 10,
      "mean_cf_drop": 0.5986283024669661,
      "mean_cf_drop_covered_only": 0.6245421423806241,
      "mean_cost": 0.1320807603860821,
      "median_cost": 0.13333333333333333,
      "median_cost_covered_only": 0.13333333333333333,
      "method": "gt_fullgraph_greedy",
      "num_inputs": 1443,
      "runtime_sec": 10125.79991054535,
      "target_label": 1,
      "theta": 0.2,
      "valid_recourse_rate": 1.0
    },
    {
      "coverage": 0.003465003465003465,
      "coverage_theta": 0.003465003465003465,
      "coverage_unconstrained_flip": 1.0,
      "flip_rate": 1.0,
      "k": 20,
      "mean_cf_drop": 0.6018594479017226,
      "mean_cf_drop_covered_only": 0.5866666666666667,
      "mean_cost": 0.029003201280512203,
      "median_cost": 0.025,
      "median_cost_covered_only": 0.025,
      "method": "gt_fullgraph_greedy",
      "num_inputs": 1443,