{
  "camc_invalid_motif_counts_by_method": {
    "gt_fullgraph_greedy": 244,
    "ours_selected_subgraph": 0
  },
  "camc_monotonicity_warnings": [],
  "camc_motif_counts_by_method": {
    "gt_fullgraph_greedy": 846,
    "ours_selected_subgraph": 20
  },
  "gt_candidate_count": 2000,
  "mcs_statistics": {
    "avg_mcs_time": 0.00337507735530025,
    "max_mcs_time": 1.123335838317871,
    "mcs_cache_size": 2885229,
    "mcs_calls": 2885229,
    "mcs_failed_count": 0,
    "mcs_timeout_count": 2035
  },
  "motif_overlap_diagnostics": {
    "aromatic_motif_count_by_method": {
      "gt_fullgraph_greedy": 9,
      "ours_selected_subgraph": 11
    },
    "count_ours_to_gt_sim_ge_0.7": 1,
    "count_ours_to_gt_sim_ge_0.85": 1,
    "exact_jaccard": 0.02564102564102564,
    "exact_overlap_count": 1,
    "exact_overlap_motifs": [
      "c1ccccc1"
    ],
    "fingerprint_failure_reasons": {},
    "hetero_atom_motif_count_by_method": {
      "gt_fullgraph_greedy": 17,
      "ours_selected_subgraph": 16
    },
    "mean_atom_count_by_method": {
      "gt_fullgraph_greedy": 7.95,
      "ours_selected_subgraph": 7.95
    },
    "mean_max_tanimoto_ours_to_gt": 0.2520969587523979,
    "median_atom_count_by_method": {
      "gt_fullgraph_greedy": 8.0,
      "ours_selected_subgraph": 7.0
    },
    "skipped": false
  },
  "num_inputs": 1443,
  "ours_progress_stats": {
    "any_flip_count": 1317,
    "avg_sec_per_input": 0.18450328879115158,
    "delete_ok_count": 1406,
    "elapsed_sec": 266.2382457256317,
    "match_ok_count": 1408,
    "processed_inputs": 1443,
    "valid_after_count": 1406
  },
  "per_k_any_feasible_by_theta": {
    "10": {
      "0.05": 0.015246015246015246,
      "0.1": 0.07692307692307693,
      "0.15": 0.15107415107415106,
      "0.2": 0.23700623700623702
    },
    "20": {
      "0.05": 0.01593901593901594,
      "0.1": 0.08316008316008316,
      "0.15": 0.1690921690921691,
      "0.2": 0.25571725571725573
    }
  },
  "per_k_any_flip_rate": {
    "10": 0.8905058905058905,
    "20": 0.9126819126819127
  },
  "per_k_delete_ok_rate": {
    "10": 0.9708939708939709,
    "20": 0.9743589743589743
  },
  "per_k_match_rate": {
    "10": 0.9722799722799723,
    "20": 0.9757449757449758
  },
  "recourse_monotonicity_warnings": [],
  "runtime_by_stage": {
    "CAMC action motif evaluation": 1.5041909217834473,
    "CAMC action motif extraction": 1.565267562866211,
    "CAMC action motif selection": 33.53144836425781,
    "CAMC action motif support / flip / cf_drop precompute": 1855.1591851711273,
    "evaluate GT fullgraph candidates": 9723.362674236298,
    "evaluate ours action candidates": 266.5787787437439,
    "greedy select GT fullgraphs": 2.445643663406372,
    "load HIV CSV": 0.15472722053527832,
    "load config": 7.200241088867188e-05,
    "load selected fragments": 0.004523515701293945,
    "load teacher": 2.6124660968780518,
    "parse SMILES": 11.192344427108765,
    "prepare opposite-label candidates": 69.28106474876404,
    "prepare target inputs": 50.164629220962524,
    "recourse-level aggregate metrics": 0.06542229652404785,
    "write outputs": 0.4306776523590088
  },
  "selected_fragment_count": 20
}