{
  "best_global_step": null,
  "best_metric": null,
  "best_model_checkpoint": null,
  "episode": 24,
  "epoch": 3.0,
  "eval_steps": 500,
  "global_step": 3,
  "is_hyper_param_search": false,
  "is_local_process_zero": true,
  "is_world_process_zero": true,
  "log_history": [
    {
      "episode": 8,
      "epoch": 1.0,
      "eps": 0,
      "loss/policy_avg": -0.008250953629612923,
      "loss/value_avg": 0.9237686991691589,
      "lr": 2e-05,
      "objective/entropy": -42.670616149902344,
      "objective/kl": 0.80987548828125,
      "objective/non_score_reward": -0.08098755776882172,
      "objective/rlhf_reward": -0.08098755776882172,
      "objective/scores": 0.0,
      "policy/approxkl_avg": 0.013294807635247707,
      "policy/clipfrac_avg": 0.08221476525068283,
      "policy/entropy_avg": 0.22708454728126526,
      "step": 1,
      "val/clipfrac_avg": 0.37261146306991577,
      "val/num_eos_tokens": 55,
      "val/ratio": 1.0071213245391846,
      "val/ratio_var": 0.00011686681682476774
    },
    {
      "episode": 16,
      "epoch": 2.0,
      "eps": 0,
      "loss/policy_avg": -0.0005715570878237486,
      "loss/value_avg": 1.0122768878936768,
      "lr": 1.3333333333333333e-05,
      "objective/entropy": -42.67624282836914,
      "objective/kl": 1.1368026733398438,
      "objective/non_score_reward": -0.11368027329444885,
      "objective/rlhf_reward": -0.11368027329444885,
      "objective/scores": 0.0,
      "policy/approxkl_avg": 0.009108900092542171,
      "policy/clipfrac_avg": 0.05166666582226753,
      "policy/entropy_avg": 0.24366292357444763,
      "step": 2,
      "val/clipfrac_avg": 0.0,
      "val/num_eos_tokens": 50,
      "val/ratio": 0.996873140335083,
      "val/ratio_var": 4.225650172884343e-06
    },
    {
      "episode": 24,
      "epoch": 3.0,
      "eps": 0,
      "loss/policy_avg": 0.017881084233522415,
      "loss/value_avg": 0.8573087453842163,
      "lr": 6.666666666666667e-06,
      "objective/entropy": -44.34569549560547,
      "objective/kl": 2.1002120971679688,
      "objective/non_score_reward": -0.21002119779586792,
      "objective/rlhf_reward": -0.21002119779586792,
      "objective/scores": 0.0,
      "policy/approxkl_avg": 0.007379641756415367,
      "policy/clipfrac_avg": 0.042553193867206573,
      "policy/entropy_avg": 0.21030506491661072,
      "step": 3,
      "val/clipfrac_avg": 0.1375838965177536,
      "val/num_eos_tokens": 49,
      "val/ratio": 1.0016582012176514,
      "val/ratio_var": 2.305791167600546e-05
    }
  ],
  "logging_steps": 10,
  "max_steps": 3,
  "num_input_tokens_seen": 0,
  "num_train_epochs": 3.0,
  "save_steps": 500,
  "stateful_callbacks": {
    "TrainerControl": {
      "args": {
        "should_epoch_stop": false,
        "should_evaluate": false,
        "should_log": false,
        "should_save": true,
        "should_training_stop": true
      },
      "attributes": {}
    }
  },
  "total_flos": 0,
  "train_batch_size": null,
  "trial_name": null,
  "trial_params": null
}
